# Constraint Creation

- Constraints are generally created at the same time as the associated table via the `create table` statement.
- Or we can add them later to an existing table (`ALTER TABLE`).

```mysql
USE sakila;

CREATE TABLE IF NOT EXISTS TempAuthors(
    author_id INT PRIMARY KEY,
    author_name VARCHAR(100) NOT NULL,
    email VARCHAR(100) UNIQUE
);

-- Create the second temporary table for books
CREATE TABLE TempBooks(
    book_id INT PRIMARY KEY,
    title VARCHAR(255) NOT NULL,
    genre VARCHAR(50) DEFAULT 'General',
    author_id INT,
    CONSTRAINT fk_author
    FOREIGN KEY (author_id) REFERENCES TempAuthors(author_id)
);

INSERT INTO TempAuthors
VALUES
    (1, 'J.R.R Tolkien', 'jrr@example.com');

INSERT INTO TempBooks (book_id, title, author_id)
VALUES (101, 'The Hobbit', 1);

SELECT * FROM TempAuthors;
SELECT * FROM TempBooks;
```

```bash
mysql> SELECT * FROM TempAuthors;
+-----------+---------------+-----------------+
| author_id | author_name   | email           |
+-----------+---------------+-----------------+
|         1 | J.R.R Tolkien | jrr@example.com |
+-----------+---------------+-----------------+
1 row in set (0.00 sec)

mysql> SELECT * FROM TempBooks;
+---------+------------+---------+-----------+
| book_id | title      | genre   | author_id |
+---------+------------+---------+-----------+
|     101 | The Hobbit | General |         1 |
+---------+------------+---------+-----------+
1 row in set (0.00 sec)
```

- The following queries will fail.

  - The 1st one fails because the email `jrr@example.com` already exists.

  ```bash
  mysql> INSERT INTO TempAuthors VALUES (2, 'Christopher Tolkien', 'jrr@example.com');
  ERROR 1062 (23000): Duplicate entry 'jrr@example.com' for key 'TempAuthors.email'
  ```

  - The 2nd one fails because author_id 99 does not exist in TempAuthors (violates FOREIGN KEY constraint).

  ```bash
  mysql> INSERT INTO TempBooks (book_id, title, author_id) VALUES
      -> (102, 'Unfinished Tales', 99);
  ERROR 1452 (23000): Cannot add or update a child row: a foreign key constraint fails (`sakila`.`TempBooks`, CONSTRAINT `fk_author` FOREIGN KEY (`author_id`) REFERENCES `TempAuthors` (`author_id`))
  ```

  

---

## Adding via `ALTER TABLE`

```mysql
CREATE TABLE IF NOT EXISTS temp_orders(
    order_id INT PRIMARY KEY,
    user_id INT,
    amount DECIMAL(10, 2)
);

CREATE TABLE IF NOT EXISTS temp_users (
    id INT PRIMARY KEY,
    name VARCHAR(100) NOT NULL
);

-- Foreign Key
-- temp_orders.user_id must match an existing value in temp_users.id
ALTER TABLE temp_orders
ADD CONSTRAINT fk_orders_user
FOREIGN KEY(user_id) REFERENCES temp_users(id);

-- Enforce a business rule that every order's amount must be positive
ALTER TABLE temp_orders
ADD CONSTRAINT chk_amount_pos CHECK(amount > 0);
```

````bash
mysql> DESC temp_orders;
+----------+---------------+------+-----+---------+-------+
| Field    | Type          | Null | Key | Default | Extra |
+----------+---------------+------+-----+---------+-------+
| order_id | int           | NO   | PRI | NULL    |       |
| user_id  | int           | YES  | MUL | NULL    |       |
| amount   | decimal(10,2) | YES  |     | NULL    |       |
+----------+---------------+------+-----+---------+-------+
3 rows in set (0.00 sec)

mysql> DESC temp_users;
+-------+--------------+------+-----+---------+-------+
| Field | Type         | Null | Key | Default | Extra |
+-------+--------------+------+-----+---------+-------+
| id    | int          | NO   | PRI | NULL    |       |
| name  | varchar(100) | NO   |     | NULL    |       |
+-------+--------------+------+-----+---------+-------+
2 rows in set (0.00 sec)
````

---

## `on delete restrict on update cascade`

```bash
mysql> ALTER TABLE customer
    -> ADD CONSTRAINT fk_customer_address FOREIGN KEY (address_id)
    -> REFERENCES address (address_id) ON DELETE RESTRICT
    -> ON UPDATE CASCADE;
ERROR 1826 (HY000): Duplicate foreign key constraint name 'fk_customer_address'
mysql> ALTER TABLE customer
    -> ADD CONSTRAINT fk_customer_store FOREIGN KEY (store_id)
    -> REFERENCES store (store_id)
    -> ON DELETE RESTRICT ON UPDATE CASCADE;
ERROR 1826 (HY000): Duplicate foreign key constraint name 'fk_customer_store'
```

- `on delete restrict`, which will cause the server to raise an error if a row is deleted in the parent table (`address` or `store`) that is referenced in the child table (`customer`)
  - The `on delete restrict` clause protects against orphaned records when rows are deleted from the parent table.
- `on update cascade`, which will cause the server to propagate a change to the primary key value of a parent table (`address` or `store`) to the child table (`customer`)

```bash
mysql> SELECT c.first_name, c.last_name, c.address_id, a.address
    -> FROM customer c
    -> INNER JOIN address a
    -> ON c.address_id = a.address_id
    -> WHERE a.address_id = 123;
+------------+-----------+------------+------------------------------------+
| first_name | last_name | address_id | address                            |
+------------+-----------+------------+------------------------------------+
| SHERRY     | MARSHALL  |        123 | 1987 Coacalco de Berriozábal Loop  |
+------------+-----------+------------+------------------------------------+
1 row in set (0.04 sec)
```



- In the following query, because at least one row in the child table contains the value 123 in the `address_id` column, the `on delete restrict` clause of the foreign key constraint caused the statement to fail.
  - The `on update cascade` clause also protects against orphaned records when a primary key value is updated in the parent table using a different strategy.

````bash
mysql> DELETE FROM address WHERE address_id = 123;
ERROR 1451 (23000): Cannot delete or update a parent row: a foreign key constraint fails (`sakila`.`customer`, CONSTRAINT `fk_customer_address` FOREIGN KEY (`address_id`) REFERENCES `address` (`address_id`) ON DELETE RESTRICT ON UPDATE CASCADE)
````

- If we modify a value in the  `address.address_id`

```bash
mysql> UPDATE address
    -> SET address_id = 9999
    -> WHERE address_id = 123;
Query OK, 1 row affected (0.14 sec)
Rows matched: 1  Changed: 1  Warnings: 0
```

```bash
mysql> SELECT c.first_name, c.last_name, c.address_id, a.address
    -> FROM customer c
    -> INNER JOIN address a
    -> ON c.address_id = a.address_id
    -> WHERE a.address_id = 9999;
+------------+-----------+------------+------------------------------------+
| first_name | last_name | address_id | address                            |
+------------+-----------+------------+------------------------------------+
| SHERRY     | MARSHALL  |       9999 | 1987 Coacalco de Berriozábal Loop  |
+------------+-----------+------------+------------------------------------+
1 row in set (0.00 sec)
```

- The value 9999 was automatically updated in the `customer` table.
- Known as a cascade, and it's the second mechanism used to protect against orphaned rows.
- Along with `restrict` and `cascade`, we can also choose `set null`, which will set the foreign key value to `null` in the child table when a row is deleted or updated in the parent table.