# Building a Condition

## Equality Condition

- The below query shows all email addresses of every customer who rented a film on June 14, 2005.

```bash
mysql> SELECT c.email
    -> FROM customer c
    -> INNER JOIN rental r
    -> ON c.customer_id = r.customer_id
    -> WHERE date(r.rental_date) = '2005-06-14';
+---------------------------------------+
| email                                 |
+---------------------------------------+
| JEFFERY.PINSON@sakilacustomer.org     |
| ELMER.NOE@sakilacustomer.org          |
| MINNIE.ROMERO@sakilacustomer.org      |
| MIRIAM.MCKINNEY@sakilacustomer.org    |
| DANIEL.CABRAL@sakilacustomer.org      |
| TERRANCE.ROUSH@sakilacustomer.org     |
| JOYCE.EDWARDS@sakilacustomer.org      |
| GWENDOLYN.MAY@sakilacustomer.org      |
| CATHERINE.CAMPBELL@sakilacustomer.org |
| MATTHEW.MAHAN@sakilacustomer.org      |
| HERMAN.DEVORE@sakilacustomer.org      |
| AMBER.DIXON@sakilacustomer.org        |
| TERRENCE.GUNDERSON@sakilacustomer.org |
| SONIA.GREGORY@sakilacustomer.org      |
| CHARLES.KOWALSKI@sakilacustomer.org   |
| JEANETTE.GREENE@sakilacustomer.org    |
+---------------------------------------+
16 rows in set (0.06 sec)
```

---

## Inequality conditions

```bash
mysql> SELECT c.email
    -> FROM customer c
    -> INNER JOIN rental r
    -> ON c.customer_id = r.customer_id
    -> WHERE date(r.rental_date) <> '2005-06-14';
...
...
...
| NATALIE.MEYER@sakilacustomer.org         |
| NEIL.RENNER@sakilacustomer.org           |
| LOUIS.LEONE@sakilacustomer.org           |
+------------------------------------------+
16028 rows in set (0.01 sec)
```

- Here we will get 16028 rows.

---

## Data modification using equality conditions

```bash
mysql> INSERT INTO person (fname, lname, eye_color, birth_date)
    -> VALUES ('Chan', 'Aung', 'BR', '1997-05-21');
Query OK, 1 row affected (0.08 sec)

mysql> SELECT * FROM person
    -> ;
+-----------+---------+--------+-----------+------------+------------------+--------+-------+---------+-------------+
| person_id | fname   | lname  | eye_color | birth_date | street           | city   | state | country | postal_code |
+-----------+---------+--------+-----------+------------+------------------+--------+-------+---------+-------------+
|         1 | William | Turner | BR        | 1980-12-21 | 1225 Tremont St. | Boston | MA    | USA     | 02138       |
|         3 | Chan    | Aung   | BR        | 1997-05-21 | NULL             | NULL   | NULL  | NULL    | NULL        |
+-----------+---------+--------+-----------+------------+------------------+--------+-------+---------+-------------+
2 rows in set (0.00 sec)
```

**Modification**

```bash
mysql> DELETE FROM person
    -> WHERE birth_date <> '1980-12-21';
Query OK, 1 row affected (0.26 sec)


mysql> SELECT * FROM person;
+-----------+---------+--------+-----------+------------+------------------+--------+-------+---------+-------------+
| person_id | fname   | lname  | eye_color | birth_date | street           | city   | state | country | postal_code |
+-----------+---------+--------+-----------+------------+------------------+--------+-------+---------+-------------+
|         1 | William | Turner | BR        | 1980-12-21 | 1225 Tremont St. | Boston | MA    | USA     | 02138       |
+-----------+---------+--------+-----------+------------+------------------+--------+-------+---------+-------------+
1 row in set (0.00 sec)
```

---

## Range Condition

```bash
mysql> SELECT customer_id, rental_date
    -> FROM rental
    -> WHERE rental_date < '2005-05-25';
+-------------+---------------------+
| customer_id | rental_date         |
+-------------+---------------------+
|         130 | 2005-05-24 22:53:30 |
|         459 | 2005-05-24 22:54:33 |
|         408 | 2005-05-24 23:03:39 |
|         333 | 2005-05-24 23:04:41 |
|         222 | 2005-05-24 23:05:21 |
|         549 | 2005-05-24 23:08:07 |
|         269 | 2005-05-24 23:11:53 |
|         239 | 2005-05-24 23:31:46 |
+-------------+---------------------+
8 rows in set (0.00 sec)
```

```bash
mysql> SELECT customer_id, rental_date
    -> FROM rental
    -> WHERE rental_date <= '2005-06-16'
    -> AND rental_date >= '2005-06-14';
```

---

## The between operator

```bash
mysql> SELECT customer_id, rental_date
    -> FROM rental
    -> WHERE rental_date BETWEEN '2005-06-14' AND '2005-06-16';
...
...
|         237 | 2005-06-15 23:36:37 |
|         155 | 2005-06-15 23:55:27 |
|         341 | 2005-06-15 23:57:20 |
|         149 | 2005-06-15 23:58:53 |
+-------------+---------------------+
364 rows in set (0.00 sec)
```

- When using `between` operator, we should always specify the lower limit of the range first (after `between`) and the upper limit of the range second (after `and`).
- If we mistakenly specify the upper limit first:

```bash
mysql> SELECT customer_id, rental_date
    -> FROM rental
    -> WHERE rental_date BETWEEN '2005-06-16' AND '2005-06-14';
Empty set (0.01 sec)
```

- Upper and lower limits are inclusive when using `between`.
- We can also build conditions to specify ranges of numbers.

```bash
mysql> SELECT customer_id, payment_date, amount
    -> FROM payment
    -> WHERE amount BETWEEN 10.0 AND 11.99;
+-------------+---------------------+--------+
| customer_id | payment_date        | amount |
+-------------+---------------------+--------+
|           2 | 2005-07-30 13:47:43 |  10.99 |
|           3 | 2005-07-27 20:23:12 |  10.99 |
|          12 | 2005-08-01 06:50:26 |  10.99 |
|          13 | 2005-07-29 22:37:41 |  11.99 |
...
...
...
|         591 | 2005-07-07 20:45:51 |  11.99 |
|         592 | 2005-07-06 22:58:31 |  11.99 |
|         595 | 2005-07-31 11:51:46 |  10.99 |
+-------------+---------------------+--------+
114 rows in set (0.07 sec)
```

