

# Defining Table Aliases

- Below, we assigned the `customer` table the alias `c`, and the `rental` the alias `r`.
- `time(r.rental_date)`
  - **`time(...)`** is a MySQL function that extracts the **time portion** from a `DATETIME` or `TIMESTAMP` value.
  - For example, if `r.rental_date = '2005-06-14 22:30:00'`, then `time(r.rental_date)` will return `'22:30:00'`.
- **`date(...)`** is another MySQL function that extracts the **date portion** (i.e., `YYYY-MM-DD`) from a `DATETIME` or `TIMESTAMP` value.

```bash
mysql> SELECT c.first_name, c.last_name,
    -> time(r.rental_date) rental_time
    -> FROM customer c
    -> INNER JOIN rental r
    -> ON c.customer_id = r.customer_id
    -> WHERE date(r.rental_date) = '2005-06-14';
+------------+-----------+-------------+
| first_name | last_name | rental_time |
+------------+-----------+-------------+
| CATHERINE  | CAMPBELL  | 23:17:03    |
| JOYCE      | EDWARDS   | 23:16:26    |
| AMBER      | DIXON     | 23:42:56    |
| JEANETTE   | GREENE    | 23:54:46    |
| MINNIE     | ROMERO    | 23:00:34    |
| GWENDOLYN  | MAY       | 23:16:27    |
| SONIA      | GREGORY   | 23:50:11    |
| MIRIAM     | MCKINNEY  | 23:07:08    |
| CHARLES    | KOWALSKI  | 23:54:34    |
| DANIEL     | CABRAL    | 23:09:38    |
| MATTHEW    | MAHAN     | 23:25:58    |
| JEFFERY    | PINSON    | 22:53:33    |
| HERMAN     | DEVORE    | 23:35:09    |
| ELMER      | NOE       | 22:55:13    |
| TERRANCE   | ROUSH     | 23:12:46    |
| TERRENCE   | GUNDERSON | 23:47:35    |
+------------+-----------+-------------+
16 rows in set (0.18 sec)
```

- We can as well use `as` keyword with our table aliases.

```bash
mysql> SELECT c.first_name, c.last_name,
    -> time(r.rental_date) rental_time
    -> FROM customer AS c
    -> INNER JOIN rental AS r
    -> ON c.customer_id = r.customer_id
    -> WHERE date(r.rental_date) = '2005-06-14';
+------------+-----------+-------------+
| first_name | last_name | rental_time |
+------------+-----------+-------------+
| CATHERINE  | CAMPBELL  | 23:17:03    |
| JOYCE      | EDWARDS   | 23:16:26    |
| AMBER      | DIXON     | 23:42:56    |
| JEANETTE   | GREENE    | 23:54:46    |
| MINNIE     | ROMERO    | 23:00:34    |
| GWENDOLYN  | MAY       | 23:16:27    |
| SONIA      | GREGORY   | 23:50:11    |
| MIRIAM     | MCKINNEY  | 23:07:08    |
| CHARLES    | KOWALSKI  | 23:54:34    |
| DANIEL     | CABRAL    | 23:09:38    |
| MATTHEW    | MAHAN     | 23:25:58    |
| JEFFERY    | PINSON    | 22:53:33    |
| HERMAN     | DEVORE    | 23:35:09    |
| ELMER      | NOE       | 22:55:13    |
| TERRANCE   | ROUSH     | 23:12:46    |
| TERRENCE   | GUNDERSON | 23:47:35    |
+------------+-----------+-------------+
16 rows in set (0.02 sec)
```

