# Set Theory in Practice

- If try to generate the union of the `customer` and `city` table,

```bash
mysql> desc customer;
+-------------+-------------------+------+-----+-------------------+-----------------------------------------------+
| Field       | Type              | Null | Key | Default           | Extra                                         |
+-------------+-------------------+------+-----+-------------------+-----------------------------------------------+
| customer_id | smallint unsigned | NO   | PRI | NULL              | auto_increment                                |
| store_id    | tinyint unsigned  | NO   | MUL | NULL              |                                               |
| first_name  | varchar(45)       | NO   |     | NULL              |                                               |
| last_name   | varchar(45)       | NO   | MUL | NULL              |                                               |
| email       | varchar(50)       | YES  |     | NULL              |                                               |
| address_id  | smallint unsigned | NO   | MUL | NULL              |                                               |
| active      | tinyint(1)        | NO   |     | 1                 |                                               |
| create_date | datetime          | NO   |     | NULL              |                                               |
| last_update | timestamp         | YES  |     | CURRENT_TIMESTAMP | DEFAULT_GENERATED on update CURRENT_TIMESTAMP |
+-------------+-------------------+------+-----+-------------------+-----------------------------------------------+
9 rows in set (0.01 sec)

mysql> desc city;
+-------------+-------------------+------+-----+-------------------+-----------------------------------------------+
| Field       | Type              | Null | Key | Default           | Extra                                         |
+-------------+-------------------+------+-----+-------------------+-----------------------------------------------+
| city_id     | smallint unsigned | NO   | PRI | NULL              | auto_increment                                |
| city        | varchar(50)       | NO   |     | NULL              |                                               |
| country_id  | smallint unsigned | NO   | MUL | NULL              |                                               |
| last_update | timestamp         | NO   |     | CURRENT_TIMESTAMP | DEFAULT_GENERATED on update CURRENT_TIMESTAMP |
+-------------+-------------------+------+-----+-------------------+-----------------------------------------------+
4 rows in set (0.00 sec)
```

- When combined,
  - The 1st column in the result would include both the `customer.customer_id` and `city.city_id` columns.
  - The 2nd column would be the combination of the `customer.store_id` and `city.city` columns and so forth.
  - The 5th thru 9th would only include data from only the `customer` table's 5th thru 9th columns,
    - since the `city` table has only 4 columns.

**Note:**

- When performing set operations on two data sets,
  - Both data sets must have the same number of columns
  - The data types of each column across the two data sets must be the same (or the server must be able to convert one to the other).
- Below, each of the individual queries yields a data set consisting of a single row having a numeric column and a string column.
- `union` tells the database server to combine all rows from the two sets.
- This query is known as a **compound query** because it comprises multiple, otherwise-independent queries.

```bash
mysql> SELECT 1 num, 'abc' str
    -> UNION
    -> SELECT 9 num, 'xyz' str;
+-----+-----+
| num | str |
+-----+-----+
|   1 | abc |
|   9 | xyz |
+-----+-----+
2 rows in set (0.05 sec)
```







```bash
```

