# String Generation

- The simplest way to populate a character column is to enclose a string in quotes.

```bash
mysql> CREATE TABLE string_tbl
    -> (char_fld CHAR(30),
    -> vchar_fld VARCHAR(30),
    -> text_fld TEXT);
Query OK, 0 rows affected (0.68 sec)
```

```bash
mysql> INSERT INTO string_tbl(char_fld, vchar_fld, text_fld)
    -> VALUES('This is char data',
    -> 'This is varchar data',
    -> 'This is text data');
Query OK, 1 row affected (0.07 sec)
```

- When inserting string data into a table, 
  - if the length of the string exceeds the maximum size for the character column (either the designated maximum or the maximum allowed for the data type), the server will throw an exception.
- The following `update` statement attempts to modify the `vchar_fld` column, whose max length is 30, with a string that is 46 characters in length.

```bash
mysql> UPDATE string_tbl
    -> SET vchar_fld = 'This is a piece of extremely long varchar data';
ERROR 1406 (22001): Data too long for column 'vchar_fld' at row 1
```



But if we would rather have the engine truncate the string and issue a warning instead of raising an exception, we can opt to be in ANSI mode.

- The following queries shows how to check which mode we are in and then how to change the mode using the `set` command.

```bash
mysql> SELECT @@session.sql_mode;
+-----------------------------------------------------------------------------------------------------------------------+
| @@session.sql_mode                                                                                                    |
+-----------------------------------------------------------------------------------------------------------------------+
| ONLY_FULL_GROUP_BY,STRICT_TRANS_TABLES,NO_ZERO_IN_DATE,NO_ZERO_DATE,ERROR_FOR_DIVISION_BY_ZERO,NO_ENGINE_SUBSTITUTION |
+-----------------------------------------------------------------------------------------------------------------------+
1 row in set (0.00 sec)
```

```bash
mysql> SET sql_mode='ansi';
Query OK, 0 rows affected (0.00 sec)

mysql> SELECT @@session.sql_mode;
+--------------------------------------------------------------------------------+
| @@session.sql_mode                                                             |
+--------------------------------------------------------------------------------+
| REAL_AS_FLOAT,PIPES_AS_CONCAT,ANSI_QUOTES,IGNORE_SPACE,ONLY_FULL_GROUP_BY,ANSI |
+--------------------------------------------------------------------------------+
1 row in set (0.01 sec)
```

- Now if we rerun the previous `update` statement, we will find that the column has been modified, but the following warning is generated.

```bash
mysql> UPDATE string_tbl
    -> SET vchar_fld ='This is a piece of extremely long varchar data';
Query OK, 1 row affected, 1 warning (0.07 sec)
Rows matched: 1  Changed: 1  Warnings: 1

mysql> SHOW WARNINGS;
+---------+------+------------------------------------------------+
| Level   | Code | Message                                        |
+---------+------+------------------------------------------------+
| Warning | 1265 | Data truncated for column 'vchar_fld' at row 1 |
+---------+------+------------------------------------------------+
1 row in set (0.00 sec)
```

- If we retrieve the `vchar_fld` column, we will see that the string has been truncated.

```bash
mysql> SELECT vchar_fld
    -> FROM string_tbl;
+--------------------------------+
| vchar_fld                      |
+--------------------------------+
| This is a piece of extremely l |
+--------------------------------+
1 row in set (0.00 sec)
```

- Only the first 30 characters of the 46-character string made it into the `vchar_fld` column.