# Manipulating Temporal Data

## Temporal functions that return dates

- `date_add()` allows us to add any kind of interval (e.g., days, months, years) to a specified date to generate another date.

```sql
DATE_ADD(date_expr, INTERVAL expr unit)
```

- **`date_expr`**: the starting `DATE` or `DATETIME`.
- **`expr`**: the number of units to add (can be negative to subtract).
- **`unit`**: one of `SECOND`, `MINUTE`, `HOUR`, `DAY`, `WEEK`, `MONTH`, `QUARTER`, `YEAR`, etc.

- The following query adds five days to the current date.

## Example - 1

```bash
mysql> SELECT DATE_ADD(CURRENT_DATE(), INTERVAL 5 DAY);
+------------------------------------------+
| DATE_ADD(CURRENT_DATE(), INTERVAL 5 DAY) |
+------------------------------------------+
| 2025-07-06                               |
+------------------------------------------+
1 row in set (0.00 sec)
```

```bash
mysql> SELECT DATE_ADD('2025-01-15', INTERVAL 3 MONTH) AS plus_three_month;
+------------------+
| plus_three_month |
+------------------+
| 2025-04-15       |
+------------------+
1 row in set (0.00 sec)
```

---

## **Example - 2** (Add a mix of units)

- We can only specify one unit per call, but we can nest or chain.

```bash
mysql> SELECT DATE_ADD(
    -> DATE_ADD('2025-07-01 08:00:00', INTERVAL 2 HOUR),
    -> INTERVAL 30 MINUTE
    -> ) AS shifted_time;
+---------------------+
| shifted_time        |
+---------------------+
| 2025-07-01 10:30:00 |
+---------------------+
1 row in set (0.00 sec)
```

---

## Example - 3 (Subtracting)

```bash
mysql> SELECT DATE_ADD('2025-07-01', INTERVAL -7 DAY) AS one_week_before;
+-----------------+
| one_week_before |
+-----------------+
| 2025-06-24      |
+-----------------+
1 row in set (0.00 sec)
```

---

**Example - 4**

- **Scenario:** Suppose we work in HR and found out that employee ID 4789 claimed to be older than he actually is, we could add 9 years and 11 months to his birth date as in:

```sql
UPDATE employee
SET birth_date = DATE_ADD(birth_date, INTERVAL '9-11' YEAR_MONTH)
WHERE emp_id = 4789;
```

---

## Example - 5 (Using `date_add()` in DML)

**Insert with computed date**

```bash
mysql> CREATE TABLE promotions (
    -> id INT AUTO_INCREMENT PRIMARY KEY,
    -> start_date DATE,
    -> end_date DATE
    -> );
Query OK, 0 rows affected (0.58 sec)

mysql> INSERT INTO promotions (start_date, end_date)
    -> VALUES(
    -> CURDATE(),
    -> DATE_ADD(CURDATE(), INTERVAL 1 MONTH)
    -> );
Query OK, 1 row affected (0.09 sec)
```

**Checking our table**

```bash
mysql> SELECT * FROM promotions;
+----+------------+------------+
| id | start_date | end_date   |
+----+------------+------------+
|  1 | 2025-07-01 | 2025-08-01 |
+----+------------+------------+
1 row in set (0.00 sec)
```

**Updating its end_date**

```sh
mysql> UPDATE promotions
    -> SET end_date = DATE_ADD(end_date, INTERVAL 7 DAY)
    -> WHERE id = 1;
Query OK, 1 row affected (0.08 sec)
Rows matched: 1  Changed: 1  Warnings: 0

mysql> SELECT * FROM promotions;
+----+------------+------------+
| id | start_date | end_date   |
+----+------------+------------+
|  1 | 2025-07-01 | 2025-08-08 |
+----+------------+------------+
1 row in set (0.00 sec)
```

---

## Example - 6 (Inline combination with `str_to_date()`)

```bash
mysql> SELECT DATE_ADD(
    -> STR_TO_DATE('15/07/2025', '%d/%m/%Y'),
    -> INTERVAL 10 DAY
    -> ) AS result;
+------------+
| result     |
+------------+
| 2025-07-25 |
+------------+
1 row in set (0.00 sec)
```

---

## `last_day()`

- **Use case scenario:**  suppose a bank customer logs on to the online banking system and schedules a transfer for the end of the month. 
- Whether we provide a `date` or `datetime` value, the `last_day()` function always returns a `date`.

```bash
mysql> SELECT LAST_DAY('2025-07-01');
+------------------------+
| LAST_DAY('2025-07-01') |
+------------------------+
| 2025-07-31             |
+------------------------+
1 row in set (0.00 sec)
```

