# Concatting strings

```bash
mysql> SELECT CONCAT('danke sch', CHAR(148), 'n');
+-------------------------------------+
| CONCAT('danke sch', CHAR(148), 'n') |
+-------------------------------------+
| danke schï¿½n                          |
+-------------------------------------+
1 row in set (0.00 sec)
```

- If we have a character and need to find its ASCII equivalent, we can use the `ascii()` function, which takes the leftmost character in the string and returns a number:

```bash
mysql> SELECT ASCII('o');
+------------+
| ASCII('o') |
+------------+
|        111 |
+------------+
1 row in set (0.00 sec)
```

