# String Manipulation

**Resetting the data in the `string_tbl`** table

```bash
mysql> DELETE FROM string_tbl;
Query OK, 1 row affected (0.13 sec)

mysql> INSERT INTO string_tbl (char_fld, vchar_fld, text_fld)
    -> VALUES ('This string is 28 characters',
    -> 'This string is 28 characters',
    -> 'This string is 28 characters');
Query OK, 1 row affected (0.20 sec)
```

```bash
mysql> desc string_tbl;
+-----------+-------------+------+-----+---------+-------+
| Field     | Type        | Null | Key | Default | Extra |
+-----------+-------------+------+-----+---------+-------+
| char_fld  | char(30)    | YES  |     | NULL    |       |
| vchar_fld | varchar(30) | YES  |     | NULL    |       |
| text_fld  | text        | YES  |     | NULL    |       |
+-----------+-------------+------+-----+---------+-------+
3 rows in set (0.00 sec)

mysql> SELECT * FROM string_tbl;
+------------------------------+------------------------------+------------------------------+
| char_fld                     | vchar_fld                    | text_fld                     |
+------------------------------+------------------------------+------------------------------+
| This string is 28 characters | This string is 28 characters | This string is 28 characters |
+------------------------------+------------------------------+------------------------------+
1 row in set (0.00 sec)
```

## String functions that return numbers

### Length()

- `length()` is one of the most commonly used.

```bash
mysql> SELECT LENGTH(char_fld) char_length,
    -> LENGTH(vchar_fld) varchar_length,
    -> LENGTH(text_fld) text_length
    -> FROM string_tbl;
+-------------+----------------+-------------+
| char_length | varchar_length | text_length |
+-------------+----------------+-------------+
|          28 |             28 |          28 |
+-------------+----------------+-------------+
1 row in set (0.00 sec)
```



### Position()

- We can use `position()` to find the position at which a string appears in a column.
  - If the substring cannot be found, the function returns 0.
- **Note**: When working with databases, the first character  in a string is at position 1.

```bash
mysql> SELECT POSITION('characters' IN vchar_fld)
    -> FROM string_tbl;
+-------------------------------------+
| POSITION('characters' IN vchar_fld) |
+-------------------------------------+
|                                  19 |
+-------------------------------------+
1 row in set (0.00 sec)
```



### Locate()

- `locate()` to start the search at something other than the first character of the target string.
- Similar to `position()` except that it allows an optional third params, which is used to define the search's start position.
- The following query asks for the position for the string `'is'` starting at the 5th character in the `vchar_fld` column.

```bash
mysql> SELECT LOCATE('is', vchar_fld, 5)
    -> FROM string_tbl;
+----------------------------+
| LOCATE('is', vchar_fld, 5) |
+----------------------------+
|                         13 |
+----------------------------+
1 row in set (0.00 sec)
```

- Here since we start from the 5th, we skip `This` and found `is` in the 13th position.



### strcmp()

- `-1` if the first string comes before the second string in sort order.
- 0 if the strings are identical.
- 1 if the first string comes after the second string in sort order.

```bash
mysql> DELETE FROM string_tbl;
Query OK, 1 row affected (0.08 sec)

mysql> INSERT INTO string_tbl(vchar_fld)
    -> VALUES('abcd'),
    -> ('xyz'),
    -> ('QRSTUV'),
    -> ('qrstuv'),
    -> ('12345');
Query OK, 5 rows affected (0.08 sec)
Records: 5  Duplicates: 0  Warnings: 0
```

- The five strings in their sort order below.

```bash
mysql> SELECT vchar_fld
    -> FROM string_tbl
    -> ORDER BY vchar_fld;
+-----------+
| vchar_fld |
+-----------+
| 12345     |
| abcd      |
| QRSTUV    |
| qrstuv    |
| xyz       |
+-----------+
5 rows in set (0.00 sec)
```

- The following query makes six comparisons among the five different strings.

```bash
mysql> SELECT STRCMP('12345', '12345') 12345_12345,
    -> STRCMP('abcd', 'xyz') abcd_xyz,
    -> STRCMP('abcd', 'QRSTUV') abcd_QRSTUV,
    -> STRCMP('qrstuv', 'QRSTUV') qrstuv_QRSTUV,
    -> STRCMP('12345', 'xyz') 12345_xyz,
    -> STRCMP('xyz', 'qrstuv') xyz_qrstuv;
+-------------+----------+-------------+---------------+-----------+------------+
| 12345_12345 | abcd_xyz | abcd_QRSTUV | qrstuv_QRSTUV | 12345_xyz | xyz_qrstuv |
+-------------+----------+-------------+---------------+-----------+------------+
|           0 |       -1 |          -1 |             0 |        -1 |          1 |
+-------------+----------+-------------+---------------+-----------+------------+
1 row in set (0.00 sec)
```

- The first comparison yields 0 since we compare a string to itself. (identical)
- The 4th also yields 0, because MySQL's `strcmp()` function is case-insensitive.
- The 2nd comparison yields -1 since the string `'abcd'` comes before the string `'xyz'` .
- The last comparison yields 1 because the string `xyz` comes after `qrstuv`.



### `LIKE` and `regexp`

- Such comparisons will yield 1 for true or 0 for false.

```bash
mysql> SELECT name, name LIKE '%y' ends_in_y
    -> FROM category;
+-------------+-----------+
| name        | ends_in_y |
+-------------+-----------+
| Action      |         0 |
| Animation   |         0 |
| Children    |         0 |
| Classics    |         0 |
| Comedy      |         1 |
| Documentary |         1 |
| Drama       |         0 |
| Family      |         1 |
| Foreign     |         0 |
| Games       |         0 |
| Horror      |         0 |
| Music       |         0 |
| New         |         0 |
| Sci-Fi      |         0 |
| Sports      |         0 |
| Travel      |         0 |
+-------------+-----------+
16 rows in set (0.02 sec)
```

**With regexp**

```bash
mysql> SELECT name, name REGEXP 'y$' ends_in_y
    -> FROM category;
+-------------+-----------+
| name        | ends_in_y |
+-------------+-----------+
| Action      |         0 |
| Animation   |         0 |
| Children    |         0 |
| Classics    |         0 |
| Comedy      |         1 |
| Documentary |         1 |
| Drama       |         0 |
| Family      |         1 |
| Foreign     |         0 |
| Games       |         0 |
| Horror      |         0 |
| Music       |         0 |
| New         |         0 |
| Sci-Fi      |         0 |
| Sports      |         0 |
| Travel      |         0 |
+-------------+-----------+
16 rows in set (0.03 sec)
```

---

