# Controlling Number Precision

- Four functions are useful when limiting the precision of floating-point numbers.
  - `ceil()`, `floor()`, `round()`, and `truncate()`.

```bash
mysql> SELECT CEIL(72.445), FLOOR(72.445);
+--------------+---------------+
| CEIL(72.445) | FLOOR(72.445) |
+--------------+---------------+
|           73 |            72 |
+--------------+---------------+
1 row in set (0.00 sec)

mysql> SELECT CEIL(72.000000001), FLOOR(72.999999999);
+--------------------+---------------------+
| CEIL(72.000000001) | FLOOR(72.999999999) |
+--------------------+---------------------+
|                 73 |                  72 |
+--------------------+---------------------+
1 row in set (0.01 sec)
```

- If this is a bit too sever, we can use the `round()` to round up or down from the midpoint between two integers.

```bash
mysql> SELECT ROUND(72.49999), ROUND(72.5), ROUND(72.50001);
+-----------------+-------------+-----------------+
| ROUND(72.49999) | ROUND(72.5) | ROUND(72.50001) |
+-----------------+-------------+-----------------+
|              72 |          73 |              73 |
+-----------------+-------------+-----------------+
1 row in set (0.00 sec)
```

- The `round()` function also allows an optional second argument to specify how many digits to the right of the decimal place to round to.

```bash
mysql> SELECT ROUND(72.0909,1), ROUND(72.0909,2), ROUND(72.0909,3);
+------------------+------------------+------------------+
| ROUND(72.0909,1) | ROUND(72.0909,2) | ROUND(72.0909,3) |
+------------------+------------------+------------------+
|             72.1 |            72.09 |           72.091 |
+------------------+------------------+------------------+
1 row in set (0.00 sec)
```

- `truncate()` also allows an optional 2nd argument to specify the number of digits to the right of the decimal, but it discards the unwanted digits without rounding.

```bash
mysql> SELECT TRUNCATE(72.0909, 1), TRUNCATE(72.0909, 2),
    -> TRUNCATE(72.0909, 3);
+----------------------+----------------------+----------------------+
| TRUNCATE(72.0909, 1) | TRUNCATE(72.0909, 2) | TRUNCATE(72.0909, 3) |
+----------------------+----------------------+----------------------+
|                 72.0 |                72.09 |               72.090 |
+----------------------+----------------------+----------------------+
1 row in set (0.00 sec)
```

- Both `truncate()` and `round()` allow a negative value for the 2nd argument.
  - Meaning numbers to the left of the decimal place are truncated or rounded.
- **Useful Scenario**: We might sell a product that can be purchased only in units of 10.
  - If a customer were to order 17 units, we could choose from one of the following methods to modify the customer's order quantity.

```bash
mysql> SELECT ROUND(17, -1), TRUNCATE(17, -1);
+---------------+------------------+
| ROUND(17, -1) | TRUNCATE(17, -1) |
+---------------+------------------+
|            20 |               10 |
+---------------+------------------+
1 row in set (0.00 sec)
```

