# How Nulls Are Handled

- Creating a simple table to hold numeric data and populate it with the set {1,3,5}.

```bash
mysql> CREATE TABLE number_tbl
    -> (val SMALLINT);
Query OK, 0 rows affected (0.53 sec)

mysql> INSERT INTO number_tbl VALUES (1);
Query OK, 1 row affected (0.10 sec)

mysql> INSERT INTO number_tbl VALUES (3);
Query OK, 1 row affected (0.10 sec)

mysql> INSERT INTO number_tbl VALUES (5);
Query OK, 1 row affected (0.07 sec)
```

- The following query performs five aggregate functions on the set of numbers.

```bash
mysql> SELECT COUNT(*) num_rows,
    -> COUNT(val) num_vals,
    -> SUM(val) total,
    -> MAX(val) max_val,
    -> AVG(val) avg_val
    -> FROM number_tbl;
+----------+----------+-------+---------+---------+
| num_rows | num_vals | total | max_val | avg_val |
+----------+----------+-------+---------+---------+
|        3 |        3 |     9 |       5 |  3.0000 |
+----------+----------+-------+---------+---------+
1 row in set (0.00 sec)
```

- The following query adds a `null` value to the table.

```bash
mysql> INSERT INTO number_tbl VALUES (NULL);
Query OK, 1 row affected (0.09 sec)

mysql> SELECT COUNT(*) num_rows,
    -> COUNT(val) num_vals,
    -> SUM(val) total,
    -> MAX(val) max_val,
    -> AVG(val) avg_val
    -> FROM number_tbl;
+----------+----------+-------+---------+---------+
| num_rows | num_vals | total | max_val | avg_val |
+----------+----------+-------+---------+---------+
|        4 |        3 |     9 |       5 |  3.0000 |
+----------+----------+-------+---------+---------+
1 row in set (0.00 sec)
```

- Even with the `null` addition, the aggregate functions all return the same values except `count(*)`, indicating that they ignore any `null` values encountered.
- `count(*)` returns 4 since the table now has four rows while `count(val)` still returns the value 3.
- Difference is that:
  - `count(*)` counts the number of rows
  - `count(val)` counts the number of values contained in the `val` column and ignores any `null` values encountered.