# Exercises

9-1. Construct a query against the `film` table that uses a filter condition with a noncorrelated subquery against the `category` table to find all action films (`category.name = 'Action'`).

```bash
mysql> SELECT f.film_id, f.title
    -> FROM film f
    -> INNER JOIN film_category fc
    -> ON f.film_id = fc.film_id
    -> WHERE fc.category_id = (
    -> SELECT c.category_id
    -> FROM category AS c
    -> WHERE c.name = 'Action');
+---------+-------------------------+
| film_id | title                   |
+---------+-------------------------+
|      19 | AMADEUS HOLY            |
|      21 | AMERICAN CIRCUS         |
|      29 | ANTITRUST TOMATOES      |
|      38 | ARK RIDGEMONT           |
|      56 | BAREFOOT MANCHURIAN     |
|      67 | BERETS AGENT            |
|      97 | BRIDE INTRIGUE          |
|     105 | BULL SHAWSHANK          |
|     111 | CADDYSHACK JEDI         |
|     115 | CAMPUS REMEMBER         |
|     126 | CASUALTIES ENCINO       |
|     130 | CELEBRITY HORN          |
|     162 | CLUELESS BUCKET         |
|     194 | CROW GREASE             |
|     205 | DANCES NONE             |
|     210 | DARKO DORADO            |
|     212 | DARN FORRESTER          |
|     229 | DEVIL DESIRE            |
|     250 | DRAGON SQUAD            |
|     252 | DREAM PICKUP            |
|     253 | DRIFTER COMMANDMENTS    |
|     271 | EASY GLADIATOR          |
|     287 | ENTRAPMENT SATISFACTION |
|     292 | EXCITEMENT EVE          |
|     303 | FANTASY TROOPERS        |
|     318 | FIREHOUSE VIETNAM       |
|     327 | FOOL MOCKINGBIRD        |
|     329 | FORREST SONS            |
|     360 | GLASS DYING             |
|     371 | GOSFORD DONNIE          |
|     375 | GRAIL FRANKENSTEIN      |
|     395 | HANDICAP BOONDOCK       |
|     417 | HILLS NEIGHBORS         |
|     501 | KISSING DOLLS           |
|     511 | LAWRENCE LOVE           |
|     530 | LORD ARIZONA            |
|     542 | LUST LOCK               |
|     549 | MAGNOLIA FORRESTER      |
|     574 | MIDNIGHT WESTWARD       |
|     579 | MINDS TRUMAN            |
|     586 | MOCKINGBIRD HOLLYWOOD   |
|     594 | MONTEZUMA COMMAND       |
|     659 | PARK CITIZEN            |
|     664 | PATRIOT ROMAN           |
|     697 | PRIMARY GLASS           |
|     707 | QUEST MUSSOLINI         |
|     717 | REAR TRADING            |
|     732 | RINGS HEARTBREAKERS     |
|     748 | RUGRATS SHAKESPEARE     |
|     793 | SHRUNK DIVINE           |
|     794 | SIDE ARK                |
|     802 | SKY MIRACLE             |
|     823 | SOUTH WAIT              |
|     825 | SPEAKEASY DATE          |
|     838 | STAGECOACH ARMAGEDDON   |
|     850 | STORY SIDE              |
|     869 | SUSPECTS QUILLS         |
|     911 | TRIP NEWTON             |
|     915 | TRUMAN CRAZY            |
|     927 | UPRISING UPTOWN         |
|     964 | WATERFRONT DELIVERANCE  |
|     968 | WEREWOLF LOLA           |
|     982 | WOMEN DORADO            |
|     991 | WORST BANGER            |
+---------+-------------------------+
64 rows in set (0.01 sec)
```



**Another Query**

```bash
mysql> SELECT title
    -> FROM film
    -> WHERE film_id IN
    -> (SELECT fc.film_id
    -> FROM film_category fc
    -> INNER JOIN category c
    -> ON fc.category_id = c.category_id
    -> WHERE c.name = 'Action');
```



---

9-2. Rework the query from Exercise 9-1 using a *correlated* subquery against the `category` and `film_category` tables to achieve the same results.

```bash
mysql> SELECT f.film_id, f.title
    -> FROM film f
    -> WHERE EXISTS(
    -> SELECT 1
    -> FROM film_category fc
    -> INNER JOIN category c
    -> ON fc.category_id = c.category_id
    -> WHERE fc.film_id = f.film_id
    -> AND c.name = 'Action');
+---------+-------------------------+
| film_id | title                   |
+---------+-------------------------+
|      19 | AMADEUS HOLY            |
|      21 | AMERICAN CIRCUS         |
|      29 | ANTITRUST TOMATOES      |
|      38 | ARK RIDGEMONT           |
|      56 | BAREFOOT MANCHURIAN     |
|      67 | BERETS AGENT            |
|      97 | BRIDE INTRIGUE          |
|     105 | BULL SHAWSHANK          |
|     111 | CADDYSHACK JEDI         |
|     115 | CAMPUS REMEMBER         |
|     126 | CASUALTIES ENCINO       |
|     130 | CELEBRITY HORN          |
|     162 | CLUELESS BUCKET         |
|     194 | CROW GREASE             |
|     205 | DANCES NONE             |
|     210 | DARKO DORADO            |
|     212 | DARN FORRESTER          |
|     229 | DEVIL DESIRE            |
|     250 | DRAGON SQUAD            |
|     252 | DREAM PICKUP            |
|     253 | DRIFTER COMMANDMENTS    |
|     271 | EASY GLADIATOR          |
|     287 | ENTRAPMENT SATISFACTION |
|     292 | EXCITEMENT EVE          |
|     303 | FANTASY TROOPERS        |
|     318 | FIREHOUSE VIETNAM       |
|     327 | FOOL MOCKINGBIRD        |
|     329 | FORREST SONS            |
|     360 | GLASS DYING             |
|     371 | GOSFORD DONNIE          |
|     375 | GRAIL FRANKENSTEIN      |
|     395 | HANDICAP BOONDOCK       |
|     417 | HILLS NEIGHBORS         |
|     501 | KISSING DOLLS           |
|     511 | LAWRENCE LOVE           |
|     530 | LORD ARIZONA            |
|     542 | LUST LOCK               |
|     549 | MAGNOLIA FORRESTER      |
|     574 | MIDNIGHT WESTWARD       |
|     579 | MINDS TRUMAN            |
|     586 | MOCKINGBIRD HOLLYWOOD   |
|     594 | MONTEZUMA COMMAND       |
|     659 | PARK CITIZEN            |
|     664 | PATRIOT ROMAN           |
|     697 | PRIMARY GLASS           |
|     707 | QUEST MUSSOLINI         |
|     717 | REAR TRADING            |
|     732 | RINGS HEARTBREAKERS     |
|     748 | RUGRATS SHAKESPEARE     |
|     793 | SHRUNK DIVINE           |
|     794 | SIDE ARK                |
|     802 | SKY MIRACLE             |
|     823 | SOUTH WAIT              |
|     825 | SPEAKEASY DATE          |
|     838 | STAGECOACH ARMAGEDDON   |
|     850 | STORY SIDE              |
|     869 | SUSPECTS QUILLS         |
|     911 | TRIP NEWTON             |
|     915 | TRUMAN CRAZY            |
|     927 | UPRISING UPTOWN         |
|     964 | WATERFRONT DELIVERANCE  |
|     968 | WEREWOLF LOLA           |
|     982 | WOMEN DORADO            |
|     991 | WORST BANGER            |
+---------+-------------------------+
64 rows in set (0.01 sec)
```



**Another approach**

```bash
mysql> SELECT f.title
    -> FROM film f
    -> WHERE EXISTS
    -> (SELECT 1
    -> FROM film_category fc
    -> INNER JOIN category c
    -> ON fc.category_id = c.category_id
    -> WHERE c.name = 'Action'
    -> AND fc.film_id = f.film_id);
+-------------------------+
| title                   |
+-------------------------+
| AMADEUS HOLY            |
| AMERICAN CIRCUS         |
| ANTITRUST TOMATOES      |
| ARK RIDGEMONT           |
| BAREFOOT MANCHURIAN     |
| BERETS AGENT            |
| BRIDE INTRIGUE          |
| BULL SHAWSHANK          |
| CADDYSHACK JEDI         |
| CAMPUS REMEMBER         |
| CASUALTIES ENCINO       |
| CELEBRITY HORN          |
| CLUELESS BUCKET         |
| CROW GREASE             |
| DANCES NONE             |
| DARKO DORADO            |
| DARN FORRESTER          |
| DEVIL DESIRE            |
| DRAGON SQUAD            |
| DREAM PICKUP            |
| DRIFTER COMMANDMENTS    |
| EASY GLADIATOR          |
| ENTRAPMENT SATISFACTION |
| EXCITEMENT EVE          |
| FANTASY TROOPERS        |
| FIREHOUSE VIETNAM       |
| FOOL MOCKINGBIRD        |
| FORREST SONS            |
| GLASS DYING             |
| GOSFORD DONNIE          |
| GRAIL FRANKENSTEIN      |
| HANDICAP BOONDOCK       |
| HILLS NEIGHBORS         |
| KISSING DOLLS           |
| LAWRENCE LOVE           |
| LORD ARIZONA            |
| LUST LOCK               |
| MAGNOLIA FORRESTER      |
| MIDNIGHT WESTWARD       |
| MINDS TRUMAN            |
| MOCKINGBIRD HOLLYWOOD   |
| MONTEZUMA COMMAND       |
| PARK CITIZEN            |
| PATRIOT ROMAN           |
| PRIMARY GLASS           |
| QUEST MUSSOLINI         |
| REAR TRADING            |
| RINGS HEARTBREAKERS     |
| RUGRATS SHAKESPEARE     |
| SHRUNK DIVINE           |
| SIDE ARK                |
| SKY MIRACLE             |
| SOUTH WAIT              |
| SPEAKEASY DATE          |
| STAGECOACH ARMAGEDDON   |
| STORY SIDE              |
| SUSPECTS QUILLS         |
| TRIP NEWTON             |
| TRUMAN CRAZY            |
| UPRISING UPTOWN         |
| WATERFRONT DELIVERANCE  |
| WEREWOLF LOLA           |
| WOMEN DORADO            |
| WORST BANGER            |
+-------------------------+
64 rows in set (0.00 sec)
```



---

9-3. Join the following query to a subquery against the `film_actor` table to show the level of each actor:

```bash
SELECT 'Hollywood Star' level, 30 min_roles, 99999 max_roles
UNION ALL
SELECT 'Prolific Actor' level, 20 min_roles, 29 max_roles
UNION ALL
SELECT 'Newcomer' level, 1 min_roles, 19 max_roles
```

The subquery against the `film_actor` table should count the number of rows for each actor using `group by actor_id`, and the count should be compared to the `min_roles`/`max_roles` columns to determine which level each actor belongs to.

**Ans:**

```bash
mysql> SELECT a.actor_id, a.first_name, a.last_name, counts.role_count,
    -> lvl.level
    -> FROM (
    -> SELECT actor_id, count(*) role_count
    -> FROM film_actor
    -> GROUP BY actor_id
    -> ) counts
    -> INNER JOIN (
    -> SELECT 'Hollywood Star' level, 30 min_roles, 99999 max_roles
    -> UNION ALL
    -> SELECT 'Prolific Actor' level, 20 min_roles, 29 max_roles
    -> UNION ALL
    -> SELECT 'Newcome' level, 1 min_roles, 19 max_roles) lvl
    -> ON counts.role_count
    -> BETWEEN lvl.min_roles AND lvl.max_roles
    -> INNER JOIN actor a
    -> ON a.actor_id = counts.actor_id
    -> ORDER BY counts.role_count DESC;
+----------+-------------+--------------+------------+----------------+
| actor_id | first_name  | last_name    | role_count | level          |
+----------+-------------+--------------+------------+----------------+
|      107 | GINA        | DEGENERES    |         42 | Hollywood Star |
|      102 | WALTER      | TORN         |         41 | Hollywood Star |
|      198 | MARY        | KEITEL       |         40 | Hollywood Star |
...
...
...
|       71 | ADAM        | GRANT        |         18 | Newcome        |
|      186 | JULIA       | ZELLWEGER    |         16 | Newcome        |
|       35 | JUDY        | DEAN         |         15 | Newcome        |
|      199 | JULIA       | FAWCETT      |         15 | Newcome        |
|      148 | EMILY       | DEE          |         14 | Newcome        |
+----------+-------------+--------------+------------+----------------+
200 rows in set (0.01 sec)
```

---

