# Data Manipulation Using Correlated Subqueries

1. Creating a temporary table.

```bash
mysql> SELECT * FROM events;
+----+----------------+------------+
| id | event_name     | event_date |
+----+----------------+------------+
|  1 | Year-End Party | 2024-12-31 |
+----+----------------+------------+
1 row in set (0.00 sec)

mysql> CREATE TEMPORARY TABLE events_sbx LIKE events;
Query OK, 0 rows affected (0.00 sec)

mysql> INSERT INTO events_sbx SELECT * FROM events;
Query OK, 1 row affected (0.00 sec)
Records: 1  Duplicates: 0  Warnings: 0

mysql> SELECT * FROM events_sbx;
+----+----------------+------------+
| id | event_name     | event_date |
+----+----------------+------------+
|  1 | Year-End Party | 2024-12-31 |
+----+----------------+------------+
1 row in set (0.00 sec)
```

2. Adding a field to hold our correlated-subquery result

```bash
mysql> ALTER TABLE events_sbx
    -> ADD COLUMN last_update DATETIME NULL;
Query OK, 1 row affected (0.00 sec)
Records: 1  Duplicates: 0  Warnings: 0

mysql> SELECT * FROM events_sbx;
+----+----------------+------------+-------------+
| id | event_name     | event_date | last_update |
+----+----------------+------------+-------------+
|  1 | Year-End Party | 2024-12-31 | NULL        |
+----+----------------+------------+-------------+
1 row in set (0.00 sec)
```

3. A simple log/attendance table that refers back to events_sbx

```bash
mysql> CREATE TEMPORARY TABLE event_log(
    -> id INT AUTO_INCREMENT PRIMARY KEY,
    -> event_id INT NOT NULL,
    -> log_date DATETIME NOT NULL,
    -> INDEX idx_event_id (event_id)
    -> ) ENGINE=InnoDB;
Query OK, 0 rows affected (0.00 sec)

mysql> INSERT INTO event_log(event_id, log_date) VALUES
    -> (1, '2024-11-01 10:00:00'),
    -> (1, '2024-12-20 15:30:00');
Query OK, 2 rows affected (0.00 sec)
Records: 2  Duplicates: 0  Warnings: 0

mysql> SELECT * FROM event_log;
+----+----------+---------------------+
| id | event_id | log_date            |
+----+----------+---------------------+
|  1 |        1 | 2024-11-01 10:00:00 |
|  2 |        1 | 2024-12-20 15:30:00 |
+----+----------+---------------------+
2 rows in set (0.00 sec)
```

4. Running the correlated subquery

```bash
mysql> SELECT * FROM events_sbx;
+----+----------------+------------+-------------+
| id | event_name     | event_date | last_update |
+----+----------------+------------+-------------+
|  1 | Year-End Party | 2024-12-31 | NULL        |
+----+----------------+------------+-------------+
1 row in set (0.00 sec)
```

- Updating every event's last_update (NULL if no logs)

```bash
mysql> UPDATE events_sbx AS e
    -> SET e.last_update = (
    -> SELECT MAX(l.log_date)
    -> FROM event_log AS l
    -> WHERE l.event_id = e.id
    -> );
Query OK, 1 row affected (0.00 sec)
Rows matched: 1  Changed: 1  Warnings: 0

mysql> SELECT * FROM events_sbx;
+----+----------------+------------+---------------------+
| id | event_name     | event_date | last_update         |
+----+----------------+------------+---------------------+
|  1 | Year-End Party | 2024-12-31 | 2024-12-20 15:30:00 |
+----+----------------+------------+---------------------+
1 row in set (0.00 sec)
```

- Below is the same update, but only for events that actually have logs

```bash
mysql> UPDATE events_sbx AS e
    -> JOIN (
    -> SELECT event_id, MAX(log_date) AS max_log_date
    -> FROM event_log
    -> GROUP BY event_id) AS l
    -> ON l.event_id = e.id
    -> SET e.last_update = l.max_log_date;
Query OK, 0 rows affected (0.00 sec)
Rows matched: 1  Changed: 0  Warnings: 0
```

- Deleting events for which every log is more than 30 days old.

```bash
mysql> DELETE FROM events_sbx
    -> WHERE 30 < ALL (
    -> SELECT DATEDIFF(NOW(), l.log_date)
    -> FROM event_log AS l
    -> WHERE l.event_id = events_sbx.id
    -> );
Query OK, 1 row affected (0.00 sec)

mysql> SELECT * FROM events_sbx;
Empty set (0.00 sec)
```

---

