# Outer Joins

- An **outer join** returns not only the rows that satisfy the join condition (like an inner join does) but also *all* the rows from one—or both—of the joined tables, filling in with `NULL` where there is no match.

## Types of Joins

| Type           | Returns                                                      |
| -------------- | ------------------------------------------------------------ |
| **INNER JOIN** | Only rows where the join condition is true in *both* tables. |
| **LEFT JOIN**  | All rows from the **left** table, plus matching rows from the right; non-matches are NULL. |
| **RIGHT JOIN** | All rows from the **right** table, plus matching rows from the left; non-matches are NULL. |
| **FULL JOIN**  | All rows from **both** tables; non-matches on each side become NULL (not directly supported in MySQL). |

**Key difference:**

- **Inner join** discards any row without a match.
- **Outer join** preserves unmatched rows from one or both sides, padding the missing side with `NULL`.

## Visual

```css
   Table A           Table B
  ┌─────┐           ┌─────┐
  │  A1 │◄──────────│  B1 │  ← INNER JOIN keeps A1–B1
  │  A2 │           │     │
  │  A3 │           │  B2 │

  INNER JOIN →  {A1–B1}

  LEFT JOIN  →  {A1–B1, A2–NULL, A3–NULL}

  RIGHT JOIN →  {A1–B1, NULL–B2}

  FULL JOIN  →  {A1–B1, A2–NULL, A3–NULL, NULL–B2}

```



---

## INNER JOIN vs. LEFT JOIN

**INNER JOIN**

- Only customers who have rentals appear.
- If a customer has no rentals, that customer's row is dropped.

```mysql
SELECT c.customer_id, r.rental_id
FROM customer c
INNER JOIN rental r
ON c.customer_id = r.customer_id
LIMIT 10;
```

- The `inventory` table contains a row for every film available for rental.
- but of the 1,000 rows in the `film` table, only 958 have one or more rows in the `inventory` table.
- The other 42 films are not available for rental.

```bash
mysql> SELECT f.film_id, f.title, count(*) num_copies
    -> FROM film f
    -> INNER JOIN inventory i
    -> ON f.film_id = i.film_id
    -> GROUP BY f.film_id, f.title;
...
...
...
|     995 | YENTL IDAHO                 |          6 |
|     996 | YOUNG LANGUAGE              |          2 |
|     997 | YOUTH KICK                  |          2 |
|     998 | ZHIVAGO CORE                |          2 |
|     999 | ZOOLANDER FICTION           |          5 |
|    1000 | ZORRO ARK                   |          8 |
+---------+-----------------------------+------------+
958 rows in set (0.01 sec)
```

**LEFT JOIN**

- Every customer appears at least once.
- Customers with no rentals get `r.rental_id = NULL`.

```mysql
USE sakila;

SELECT c.customer_id, r.rental_id
FROM customer c
LEFT JOIN rental r
ON c.customer_id = r.customer_id;
```

- `LEFT JOIN` returns all 1000 films regardless of whether or not there are rows in the `inventory` table.
  - `count(i.inventory_id)` count the number of non-null values of the `inventory.inventory_id` column.

```bash
mysql> SELECT f.film_id, f.title, count(i.inventory_id)
    -> FROM film f
    -> LEFT OUTER JOIN inventory i
    -> ON f.film_id = i.film_id
    -> GROUP BY f.film_id, f.title;
 ...
 ...
 |     996 | YOUNG LANGUAGE              |                     2 |
|     997 | YOUTH KICK                  |                     2 |
|     998 | ZHIVAGO CORE                |                     2 |
|     999 | ZOOLANDER FICTION           |                     5 |
|    1000 | ZORRO ARK                   |                     8 |
+---------+-----------------------------+-----------------------+
1000 rows in set (0.00 sec)
```

- Let's remove the `group by` clause and filter out most of the rows in order to clearly see the differences between `inner` and `outer` joins.

```bash
mysql> SELECT f.film_id, f.title, i.inventory_id
    -> FROM film f
    -> INNER JOIN inventory i
    -> ON f.film_id = i.film_id
    -> WHERE f.film_id BETWEEN 13 and 15;
+---------+--------------+--------------+
| film_id | title        | inventory_id |
+---------+--------------+--------------+
|      13 | ALI FOREVER  |           67 |
|      13 | ALI FOREVER  |           68 |
|      13 | ALI FOREVER  |           69 |
|      13 | ALI FOREVER  |           70 |
|      15 | ALIEN CENTER |           71 |
|      15 | ALIEN CENTER |           72 |
|      15 | ALIEN CENTER |           73 |
|      15 | ALIEN CENTER |           74 |
|      15 | ALIEN CENTER |           75 |
|      15 | ALIEN CENTER |           76 |
+---------+--------------+--------------+
10 rows in set (0.02 sec)
```

- But using an `outer join`:

```bash
mysql> SELECT f.film_id, f.title, i.inventory_id
    -> FROM film f
    -> LEFT OUTER JOIN inventory i
    -> ON f.film_id = i.film_id
    -> WHERE f.film_id BETWEEN 13 AND 15;
+---------+----------------+--------------+
| film_id | title          | inventory_id |
+---------+----------------+--------------+
|      13 | ALI FOREVER    |           67 |
|      13 | ALI FOREVER    |           68 |
|      13 | ALI FOREVER    |           69 |
|      13 | ALI FOREVER    |           70 |
|      14 | ALICE FANTASIA |         NULL |
|      15 | ALIEN CENTER   |           71 |
|      15 | ALIEN CENTER   |           72 |
|      15 | ALIEN CENTER   |           73 |
|      15 | ALIEN CENTER   |           74 |
|      15 | ALIEN CENTER   |           75 |
|      15 | ALIEN CENTER   |           76 |
+---------+----------------+--------------+
11 rows in set (0.01 sec)
```

- The results are the same for *Ali Forever* and *Alien Center* but there's one new row for *Alice Fantasia*, with a `null` value for the `inventory.inventory_id` column.
- If the join condition fails, any columns retrieved from the outer-joined table will be `null`.

---

## RIGHT JOIN

- Exactly the mirror of LEFT.
- All rentals appear, even if their `customer_id` has no matching customer.

```mysql
USE sakila;

SELECT c.customer_id, r.rental_id
FROM customer c
RIGHT JOIN rental r
ON c.customer_id = r.customer_id;
```

- The keyword `left` and `right` are just there to tell the server which table is allowed to have gaps in the data.

```bash
mysql> SELECT f.film_id, f.title, i.inventory_id
    -> FROM inventory i
    -> RIGHT OUTER JOIN film f
    -> ON f.film_id = i.film_id
    -> WHERE f.film_id BETWEEN 13 AND 15;
+---------+----------------+--------------+
| film_id | title          | inventory_id |
+---------+----------------+--------------+
|      13 | ALI FOREVER    |           67 |
|      13 | ALI FOREVER    |           68 |
|      13 | ALI FOREVER    |           69 |
|      13 | ALI FOREVER    |           70 |
|      14 | ALICE FANTASIA |         NULL |
|      15 | ALIEN CENTER   |           71 |
|      15 | ALIEN CENTER   |           72 |
|      15 | ALIEN CENTER   |           73 |
|      15 | ALIEN CENTER   |           74 |
|      15 | ALIEN CENTER   |           75 |
|      15 | ALIEN CENTER   |           76 |
+---------+----------------+--------------+
11 rows in set (0.00 sec)
```



---

## ## FULL OUTER JOIN 

- MySQL doesn't have `FULL OUTER JOIN`, but we can simulate it by union-ing a left and right join.

```mysql
USE sakila;

SELECT c.customer_id, r.rental_id
FROM customer c
LEFT JOIN rental r
ON c.customer_id = r.customer_id
UNION
SELECT c.customer_id, r.rental_id
FROM customer c
RIGHT JOIN rental r
ON c.customer_id = r.customer_id;
```



